;title;url;section
0;Fringe (TV series);https://en.wikipedia.org/wiki/Fringe_(TV_series);Summary
1;Fringe (TV series);https://en.wikipedia.org/wiki/Fringe_(TV_series);Summary
2;Fringe (TV series);https://en.wikipedia.org/wiki/Fringe_(TV_series);Summary
3;Fringe (TV series);https://en.wikipedia.org/wiki/Fringe_(TV_series);Premise
4;Fringe (TV series);https://en.wikipedia.org/wiki/Fringe_(TV_series);Plot
5;Fringe (TV series);https://en.wikipedia.org/wiki/Fringe_(TV_series);Parallel universe
6;Fringe (TV series);https://en.wikipedia.org/wiki/Fringe_(TV_series);Glyph code
7;Fringe (TV series);https://en.wikipedia.org/wiki/Fringe_(TV_series);Opening sequence
8;Fringe (TV series);https://en.wikipedia.org/wiki/Fringe_(TV_series);Main
9;Fringe (TV series);https://en.wikipedia.org/wiki/Fringe_(TV_series);Main
10;Fringe (TV series);https://en.wikipedia.org/wiki/Fringe_(TV_series);Main
11;Fringe (TV series);https://en.wikipedia.org/wiki/Fringe_(TV_series);Main
12;Fringe (TV series);https://en.wikipedia.org/wiki/Fringe_(TV_series);Main
13;Fringe (TV series);https://en.wikipedia.org/wiki/Fringe_(TV_series);Main
14;Fringe (TV series);https://en.wikipedia.org/wiki/Fringe_(TV_series);Main
15;Fringe (TV series);https://en.wikipedia.org/wiki/Fringe_(TV_series);Main
16;Fringe (TV series);https://en.wikipedia.org/wiki/Fringe_(TV_series);Main
17;Fringe (TV series);https://en.wikipedia.org/wiki/Fringe_(TV_series);Recurring
18;Fringe (TV series);https://en.wikipedia.org/wiki/Fringe_(TV_series);Recurring
19;Fringe (TV series);https://en.wikipedia.org/wiki/Fringe_(TV_series);Recurring
20;Fringe (TV series);https://en.wikipedia.org/wiki/Fringe_(TV_series);Recurring
21;Fringe (TV series);https://en.wikipedia.org/wiki/Fringe_(TV_series);Recurring
22;Fringe (TV series);https://en.wikipedia.org/wiki/Fringe_(TV_series);Recurring
23;Fringe (TV series);https://en.wikipedia.org/wiki/Fringe_(TV_series);Recurring
24;Fringe (TV series);https://en.wikipedia.org/wiki/Fringe_(TV_series);Recurring
25;Fringe (TV series);https://en.wikipedia.org/wiki/Fringe_(TV_series);Recurring
26;Fringe (TV series);https://en.wikipedia.org/wiki/Fringe_(TV_series);Recurring
27;Fringe (TV series);https://en.wikipedia.org/wiki/Fringe_(TV_series);Recurring
28;Fringe (TV series);https://en.wikipedia.org/wiki/Fringe_(TV_series);Recurring
29;Fringe (TV series);https://en.wikipedia.org/wiki/Fringe_(TV_series);Recurring
30;Fringe (TV series);https://en.wikipedia.org/wiki/Fringe_(TV_series);Recurring
31;Fringe (TV series);https://en.wikipedia.org/wiki/Fringe_(TV_series);Recurring
32;Fringe (TV series);https://en.wikipedia.org/wiki/Fringe_(TV_series);Recurring
33;Fringe (TV series);https://en.wikipedia.org/wiki/Fringe_(TV_series);Recurring
34;Fringe (TV series);https://en.wikipedia.org/wiki/Fringe_(TV_series);Recurring
35;Fringe (TV series);https://en.wikipedia.org/wiki/Fringe_(TV_series);Conception
36;Fringe (TV series);https://en.wikipedia.org/wiki/Fringe_(TV_series);Production
37;Fringe (TV series);https://en.wikipedia.org/wiki/Fringe_(TV_series);Production
38;Fringe (TV series);https://en.wikipedia.org/wiki/Fringe_(TV_series);Production
39;Fringe (TV series);https://en.wikipedia.org/wiki/Fringe_(TV_series);Production
40;Fringe (TV series);https://en.wikipedia.org/wiki/Fringe_(TV_series);Casting
41;Fringe (TV series);https://en.wikipedia.org/wiki/Fringe_(TV_series);Reception
42;Fringe (TV series);https://en.wikipedia.org/wiki/Fringe_(TV_series);First season
43;Fringe (TV series);https://en.wikipedia.org/wiki/Fringe_(TV_series);Subsequent seasons
44;Fringe (TV series);https://en.wikipedia.org/wiki/Fringe_(TV_series);U.S. ratings and series renewal history
45;Fringe (TV series);https://en.wikipedia.org/wiki/Fringe_(TV_series);U.S. ratings and series renewal history
46;Fringe (TV series);https://en.wikipedia.org/wiki/Fringe_(TV_series);U.S. ratings and series renewal history
47;Fringe (TV series);https://en.wikipedia.org/wiki/Fringe_(TV_series);Awards and nominations
48;Fringe (TV series);https://en.wikipedia.org/wiki/Fringe_(TV_series);International
49;Fringe (TV series);https://en.wikipedia.org/wiki/Fringe_(TV_series);International
50;Fringe (TV series);https://en.wikipedia.org/wiki/Fringe_(TV_series);Syndication
51;Fringe (TV series);https://en.wikipedia.org/wiki/Fringe_(TV_series);Home video releases
52;Fringe (TV series);https://en.wikipedia.org/wiki/Fringe_(TV_series);Games
53;Fringe (TV series);https://en.wikipedia.org/wiki/Fringe_(TV_series);Books and comics
54;Fringe (TV series);https://en.wikipedia.org/wiki/Fringe_(TV_series);Possible film
55;Fringe (TV series);https://en.wikipedia.org/wiki/Fringe_(TV_series);External links
56;Fringe (TV series);https://en.wikipedia.org/wiki/Fringe_(TV_series);External links
57;Fringe (TV series);https://en.wikipedia.org/wiki/Fringe_(TV_series);External links
58;Pilot (Fringe);https://en.wikipedia.org/wiki/Pilot_(Fringe);Summary
59;Pilot (Fringe);https://en.wikipedia.org/wiki/Pilot_(Fringe);Summary
60;Pilot (Fringe);https://en.wikipedia.org/wiki/Pilot_(Fringe);Plot
61;Pilot (Fringe);https://en.wikipedia.org/wiki/Pilot_(Fringe);Plot
62;Pilot (Fringe);https://en.wikipedia.org/wiki/Pilot_(Fringe);Plot
63;Pilot (Fringe);https://en.wikipedia.org/wiki/Pilot_(Fringe);Production
64;Pilot (Fringe);https://en.wikipedia.org/wiki/Pilot_(Fringe);Ratings
65;Pilot (Fringe);https://en.wikipedia.org/wiki/Pilot_(Fringe);Reviews
66;Pilot (Fringe);https://en.wikipedia.org/wiki/Pilot_(Fringe);See also
67;Pilot (Fringe);https://en.wikipedia.org/wiki/Pilot_(Fringe);External links
68;Pilot (Fringe);https://en.wikipedia.org/wiki/Pilot_(Fringe);External links
69;The Same Old Story;https://en.wikipedia.org/wiki/The_Same_Old_Story;Summary
70;The Same Old Story;https://en.wikipedia.org/wiki/The_Same_Old_Story;Summary
71;The Same Old Story;https://en.wikipedia.org/wiki/The_Same_Old_Story;Summary
72;The Same Old Story;https://en.wikipedia.org/wiki/The_Same_Old_Story;Plot
73;The Same Old Story;https://en.wikipedia.org/wiki/The_Same_Old_Story;Plot
74;The Same Old Story;https://en.wikipedia.org/wiki/The_Same_Old_Story;Plot
75;The Same Old Story;https://en.wikipedia.org/wiki/The_Same_Old_Story;Production
76;The Same Old Story;https://en.wikipedia.org/wiki/The_Same_Old_Story;Ratings
77;The Same Old Story;https://en.wikipedia.org/wiki/The_Same_Old_Story;Reviews
78;The Same Old Story;https://en.wikipedia.org/wiki/The_Same_Old_Story;Reviews
79;The Same Old Story;https://en.wikipedia.org/wiki/The_Same_Old_Story;External links
80;The Same Old Story;https://en.wikipedia.org/wiki/The_Same_Old_Story;External links
81;The Ghost Network;https://en.wikipedia.org/wiki/The_Ghost_Network;Summary
82;The Ghost Network;https://en.wikipedia.org/wiki/The_Ghost_Network;Summary
83;The Ghost Network;https://en.wikipedia.org/wiki/The_Ghost_Network;Summary
84;The Ghost Network;https://en.wikipedia.org/wiki/The_Ghost_Network;Plot
85;The Ghost Network;https://en.wikipedia.org/wiki/The_Ghost_Network;Plot
86;The Ghost Network;https://en.wikipedia.org/wiki/The_Ghost_Network;Plot
87;The Ghost Network;https://en.wikipedia.org/wiki/The_Ghost_Network;Writing
88;The Ghost Network;https://en.wikipedia.org/wiki/The_Ghost_Network;Casting
89;The Ghost Network;https://en.wikipedia.org/wiki/The_Ghost_Network;Filming
90;The Ghost Network;https://en.wikipedia.org/wiki/The_Ghost_Network;Ratings
91;The Ghost Network;https://en.wikipedia.org/wiki/The_Ghost_Network;Reviews
92;The Ghost Network;https://en.wikipedia.org/wiki/The_Ghost_Network;External links
93;The Ghost Network;https://en.wikipedia.org/wiki/The_Ghost_Network;External links
94;The Arrival (Fringe);https://en.wikipedia.org/wiki/The_Arrival_(Fringe);Summary
95;The Arrival (Fringe);https://en.wikipedia.org/wiki/The_Arrival_(Fringe);Summary
96;The Arrival (Fringe);https://en.wikipedia.org/wiki/The_Arrival_(Fringe);Summary
97;The Arrival (Fringe);https://en.wikipedia.org/wiki/The_Arrival_(Fringe);Plot
98;The Arrival (Fringe);https://en.wikipedia.org/wiki/The_Arrival_(Fringe);Plot
99;The Arrival (Fringe);https://en.wikipedia.org/wiki/The_Arrival_(Fringe);Plot
100;The Arrival (Fringe);https://en.wikipedia.org/wiki/The_Arrival_(Fringe);Plot
101;The Arrival (Fringe);https://en.wikipedia.org/wiki/The_Arrival_(Fringe);Production
102;The Arrival (Fringe);https://en.wikipedia.org/wiki/The_Arrival_(Fringe);Production
103;The Arrival (Fringe);https://en.wikipedia.org/wiki/The_Arrival_(Fringe);Ratings
104;The Arrival (Fringe);https://en.wikipedia.org/wiki/The_Arrival_(Fringe);Reviews
105;The Arrival (Fringe);https://en.wikipedia.org/wiki/The_Arrival_(Fringe);Reviews
106;The Arrival (Fringe);https://en.wikipedia.org/wiki/The_Arrival_(Fringe);External links
107;The Arrival (Fringe);https://en.wikipedia.org/wiki/The_Arrival_(Fringe);External links
108;Power Hungry (Fringe);https://en.wikipedia.org/wiki/Power_Hungry_(Fringe);Summary
109;Power Hungry (Fringe);https://en.wikipedia.org/wiki/Power_Hungry_(Fringe);Summary
110;Power Hungry (Fringe);https://en.wikipedia.org/wiki/Power_Hungry_(Fringe);Summary
111;Power Hungry (Fringe);https://en.wikipedia.org/wiki/Power_Hungry_(Fringe);Plot
112;Power Hungry (Fringe);https://en.wikipedia.org/wiki/Power_Hungry_(Fringe);Plot
113;Power Hungry (Fringe);https://en.wikipedia.org/wiki/Power_Hungry_(Fringe);Plot
114;Power Hungry (Fringe);https://en.wikipedia.org/wiki/Power_Hungry_(Fringe);Plot
115;Power Hungry (Fringe);https://en.wikipedia.org/wiki/Power_Hungry_(Fringe);Production
116;Power Hungry (Fringe);https://en.wikipedia.org/wiki/Power_Hungry_(Fringe);Ratings
117;Power Hungry (Fringe);https://en.wikipedia.org/wiki/Power_Hungry_(Fringe);Reviews
118;Power Hungry (Fringe);https://en.wikipedia.org/wiki/Power_Hungry_(Fringe);External links
119;Power Hungry (Fringe);https://en.wikipedia.org/wiki/Power_Hungry_(Fringe);External links
120;The Cure (Fringe);https://en.wikipedia.org/wiki/The_Cure_(Fringe);Summary
121;The Cure (Fringe);https://en.wikipedia.org/wiki/The_Cure_(Fringe);Summary
122;The Cure (Fringe);https://en.wikipedia.org/wiki/The_Cure_(Fringe);Summary
123;The Cure (Fringe);https://en.wikipedia.org/wiki/The_Cure_(Fringe);Plot
124;The Cure (Fringe);https://en.wikipedia.org/wiki/The_Cure_(Fringe);Plot
125;The Cure (Fringe);https://en.wikipedia.org/wiki/The_Cure_(Fringe);Plot
126;The Cure (Fringe);https://en.wikipedia.org/wiki/The_Cure_(Fringe);Plot
127;The Cure (Fringe);https://en.wikipedia.org/wiki/The_Cure_(Fringe);Plot
128;The Cure (Fringe);https://en.wikipedia.org/wiki/The_Cure_(Fringe);Production
129;The Cure (Fringe);https://en.wikipedia.org/wiki/The_Cure_(Fringe);Ratings
130;The Cure (Fringe);https://en.wikipedia.org/wiki/The_Cure_(Fringe);Reviews
131;The Cure (Fringe);https://en.wikipedia.org/wiki/The_Cure_(Fringe);Reviews
132;The Cure (Fringe);https://en.wikipedia.org/wiki/The_Cure_(Fringe);External links
133;The Cure (Fringe);https://en.wikipedia.org/wiki/The_Cure_(Fringe);External links
134;The Equation;https://en.wikipedia.org/wiki/The_Equation;Summary
135;The Equation;https://en.wikipedia.org/wiki/The_Equation;Summary
136;The Equation;https://en.wikipedia.org/wiki/The_Equation;Summary
137;The Equation;https://en.wikipedia.org/wiki/The_Equation;Plot
138;The Equation;https://en.wikipedia.org/wiki/The_Equation;Plot
139;The Equation;https://en.wikipedia.org/wiki/The_Equation;Plot
140;The Equation;https://en.wikipedia.org/wiki/The_Equation;Plot
141;The Equation;https://en.wikipedia.org/wiki/The_Equation;Production
142;The Equation;https://en.wikipedia.org/wiki/The_Equation;Themes and analysis
143;The Equation;https://en.wikipedia.org/wiki/The_Equation;Ratings
144;The Equation;https://en.wikipedia.org/wiki/The_Equation;Reviews
145;The Equation;https://en.wikipedia.org/wiki/The_Equation;References
146;The Equation;https://en.wikipedia.org/wiki/The_Equation;External links
147;The Equation;https://en.wikipedia.org/wiki/The_Equation;External links
148;The Dreamscape;https://en.wikipedia.org/wiki/The_Dreamscape;Summary
149;The Dreamscape;https://en.wikipedia.org/wiki/The_Dreamscape;Summary
150;The Dreamscape;https://en.wikipedia.org/wiki/The_Dreamscape;Summary
151;The Dreamscape;https://en.wikipedia.org/wiki/The_Dreamscape;Plot
152;The Dreamscape;https://en.wikipedia.org/wiki/The_Dreamscape;Plot
153;The Dreamscape;https://en.wikipedia.org/wiki/The_Dreamscape;Plot
154;The Dreamscape;https://en.wikipedia.org/wiki/The_Dreamscape;Plot
155;The Dreamscape;https://en.wikipedia.org/wiki/The_Dreamscape;Production
156;The Dreamscape;https://en.wikipedia.org/wiki/The_Dreamscape;Ratings and marketing
157;The Dreamscape;https://en.wikipedia.org/wiki/The_Dreamscape;Reviews
158;The Dreamscape;https://en.wikipedia.org/wiki/The_Dreamscape;Reviews
159;The Dreamscape;https://en.wikipedia.org/wiki/The_Dreamscape;References
160;The Dreamscape;https://en.wikipedia.org/wiki/The_Dreamscape;External links
161;The Dreamscape;https://en.wikipedia.org/wiki/The_Dreamscape;External links
162;Safe (Fringe);https://en.wikipedia.org/wiki/Safe_(Fringe);Summary
163;Safe (Fringe);https://en.wikipedia.org/wiki/Safe_(Fringe);Summary
164;Safe (Fringe);https://en.wikipedia.org/wiki/Safe_(Fringe);Summary
165;Safe (Fringe);https://en.wikipedia.org/wiki/Safe_(Fringe);Plot
166;Safe (Fringe);https://en.wikipedia.org/wiki/Safe_(Fringe);Plot
167;Safe (Fringe);https://en.wikipedia.org/wiki/Safe_(Fringe);Plot
168;Safe (Fringe);https://en.wikipedia.org/wiki/Safe_(Fringe);Plot
169;Safe (Fringe);https://en.wikipedia.org/wiki/Safe_(Fringe);Plot
170;Safe (Fringe);https://en.wikipedia.org/wiki/Safe_(Fringe);Production
171;Safe (Fringe);https://en.wikipedia.org/wiki/Safe_(Fringe);Ratings
172;Safe (Fringe);https://en.wikipedia.org/wiki/Safe_(Fringe);Reviews
173;Safe (Fringe);https://en.wikipedia.org/wiki/Safe_(Fringe);Reviews
174;Safe (Fringe);https://en.wikipedia.org/wiki/Safe_(Fringe);References
175;Safe (Fringe);https://en.wikipedia.org/wiki/Safe_(Fringe);External links
176;Safe (Fringe);https://en.wikipedia.org/wiki/Safe_(Fringe);External links
177;Bound (Fringe);https://en.wikipedia.org/wiki/Bound_(Fringe);Summary
178;Bound (Fringe);https://en.wikipedia.org/wiki/Bound_(Fringe);Summary
179;Bound (Fringe);https://en.wikipedia.org/wiki/Bound_(Fringe);Summary
180;Bound (Fringe);https://en.wikipedia.org/wiki/Bound_(Fringe);Plot
181;Bound (Fringe);https://en.wikipedia.org/wiki/Bound_(Fringe);Plot
182;Bound (Fringe);https://en.wikipedia.org/wiki/Bound_(Fringe);Plot
183;Bound (Fringe);https://en.wikipedia.org/wiki/Bound_(Fringe);Production
184;Bound (Fringe);https://en.wikipedia.org/wiki/Bound_(Fringe);Production
185;Bound (Fringe);https://en.wikipedia.org/wiki/Bound_(Fringe);Ratings
186;Bound (Fringe);https://en.wikipedia.org/wiki/Bound_(Fringe);Reviews
187;Bound (Fringe);https://en.wikipedia.org/wiki/Bound_(Fringe);Awards and nominations
188;Bound (Fringe);https://en.wikipedia.org/wiki/Bound_(Fringe);External links
189;Bound (Fringe);https://en.wikipedia.org/wiki/Bound_(Fringe);External links
190;The No-Brainer;https://en.wikipedia.org/wiki/The_No-Brainer;Summary
191;The No-Brainer;https://en.wikipedia.org/wiki/The_No-Brainer;Summary
192;The No-Brainer;https://en.wikipedia.org/wiki/The_No-Brainer;Plot
193;The No-Brainer;https://en.wikipedia.org/wiki/The_No-Brainer;Production
194;The No-Brainer;https://en.wikipedia.org/wiki/The_No-Brainer;Production
195;The No-Brainer;https://en.wikipedia.org/wiki/The_No-Brainer;Ratings
196;The No-Brainer;https://en.wikipedia.org/wiki/The_No-Brainer;Reviews
197;The No-Brainer;https://en.wikipedia.org/wiki/The_No-Brainer;External links
198;The No-Brainer;https://en.wikipedia.org/wiki/The_No-Brainer;External links
199;The Transformation;https://en.wikipedia.org/wiki/The_Transformation;Summary
200;The Transformation;https://en.wikipedia.org/wiki/The_Transformation;Summary
201;The Transformation;https://en.wikipedia.org/wiki/The_Transformation;Summary
202;The Transformation;https://en.wikipedia.org/wiki/The_Transformation;Plot
203;The Transformation;https://en.wikipedia.org/wiki/The_Transformation;Plot
204;The Transformation;https://en.wikipedia.org/wiki/The_Transformation;Plot
205;The Transformation;https://en.wikipedia.org/wiki/The_Transformation;Plot
206;The Transformation;https://en.wikipedia.org/wiki/The_Transformation;Plot
207;The Transformation;https://en.wikipedia.org/wiki/The_Transformation;Production
208;The Transformation;https://en.wikipedia.org/wiki/The_Transformation;Analysis and legacy
209;The Transformation;https://en.wikipedia.org/wiki/The_Transformation;Ratings
210;The Transformation;https://en.wikipedia.org/wiki/The_Transformation;Reviews
211;The Transformation;https://en.wikipedia.org/wiki/The_Transformation;References
212;The Transformation;https://en.wikipedia.org/wiki/The_Transformation;External links
213;The Transformation;https://en.wikipedia.org/wiki/The_Transformation;External links
214;Ability (Fringe);https://en.wikipedia.org/wiki/Ability_(Fringe);Summary
215;Ability (Fringe);https://en.wikipedia.org/wiki/Ability_(Fringe);Summary
216;Ability (Fringe);https://en.wikipedia.org/wiki/Ability_(Fringe);Summary
217;Ability (Fringe);https://en.wikipedia.org/wiki/Ability_(Fringe);Plot
218;Ability (Fringe);https://en.wikipedia.org/wiki/Ability_(Fringe);Plot
219;Ability (Fringe);https://en.wikipedia.org/wiki/Ability_(Fringe);Plot
220;Ability (Fringe);https://en.wikipedia.org/wiki/Ability_(Fringe);Plot
221;Ability (Fringe);https://en.wikipedia.org/wiki/Ability_(Fringe);Plot
222;Ability (Fringe);https://en.wikipedia.org/wiki/Ability_(Fringe);Production
223;Ability (Fringe);https://en.wikipedia.org/wiki/Ability_(Fringe);Ratings
224;Ability (Fringe);https://en.wikipedia.org/wiki/Ability_(Fringe);Reviews
225;Ability (Fringe);https://en.wikipedia.org/wiki/Ability_(Fringe);References
226;Ability (Fringe);https://en.wikipedia.org/wiki/Ability_(Fringe);External links
227;Ability (Fringe);https://en.wikipedia.org/wiki/Ability_(Fringe);External links
228;Inner Child (Fringe);https://en.wikipedia.org/wiki/Inner_Child_(Fringe);Summary
229;Inner Child (Fringe);https://en.wikipedia.org/wiki/Inner_Child_(Fringe);Summary
230;Inner Child (Fringe);https://en.wikipedia.org/wiki/Inner_Child_(Fringe);Plot
231;Inner Child (Fringe);https://en.wikipedia.org/wiki/Inner_Child_(Fringe);Plot
232;Inner Child (Fringe);https://en.wikipedia.org/wiki/Inner_Child_(Fringe);Plot
233;Inner Child (Fringe);https://en.wikipedia.org/wiki/Inner_Child_(Fringe);Plot
234;Inner Child (Fringe);https://en.wikipedia.org/wiki/Inner_Child_(Fringe);Production
235;Inner Child (Fringe);https://en.wikipedia.org/wiki/Inner_Child_(Fringe);Cultural references
236;Inner Child (Fringe);https://en.wikipedia.org/wiki/Inner_Child_(Fringe);Ratings
237;Inner Child (Fringe);https://en.wikipedia.org/wiki/Inner_Child_(Fringe);Reviews
238;Inner Child (Fringe);https://en.wikipedia.org/wiki/Inner_Child_(Fringe);References
239;Inner Child (Fringe);https://en.wikipedia.org/wiki/Inner_Child_(Fringe);External links
240;Inner Child (Fringe);https://en.wikipedia.org/wiki/Inner_Child_(Fringe);External links
241;Unleashed (Fringe);https://en.wikipedia.org/wiki/Unleashed_(Fringe);Summary
242;Unleashed (Fringe);https://en.wikipedia.org/wiki/Unleashed_(Fringe);Summary
243;Unleashed (Fringe);https://en.wikipedia.org/wiki/Unleashed_(Fringe);Summary
244;Unleashed (Fringe);https://en.wikipedia.org/wiki/Unleashed_(Fringe);Plot
245;Unleashed (Fringe);https://en.wikipedia.org/wiki/Unleashed_(Fringe);Plot
246;Unleashed (Fringe);https://en.wikipedia.org/wiki/Unleashed_(Fringe);Plot
247;Unleashed (Fringe);https://en.wikipedia.org/wiki/Unleashed_(Fringe);Plot
248;Unleashed (Fringe);https://en.wikipedia.org/wiki/Unleashed_(Fringe);Production
249;Unleashed (Fringe);https://en.wikipedia.org/wiki/Unleashed_(Fringe);Ratings
250;Unleashed (Fringe);https://en.wikipedia.org/wiki/Unleashed_(Fringe);Reviews
251;Unleashed (Fringe);https://en.wikipedia.org/wiki/Unleashed_(Fringe);Awards and nominations
252;Unleashed (Fringe);https://en.wikipedia.org/wiki/Unleashed_(Fringe);External links
253;Unleashed (Fringe);https://en.wikipedia.org/wiki/Unleashed_(Fringe);External links
254;Bad Dreams (Fringe);https://en.wikipedia.org/wiki/Bad_Dreams_(Fringe);Summary
255;Bad Dreams (Fringe);https://en.wikipedia.org/wiki/Bad_Dreams_(Fringe);Summary
256;Bad Dreams (Fringe);https://en.wikipedia.org/wiki/Bad_Dreams_(Fringe);Plot
257;Bad Dreams (Fringe);https://en.wikipedia.org/wiki/Bad_Dreams_(Fringe);Plot
258;Bad Dreams (Fringe);https://en.wikipedia.org/wiki/Bad_Dreams_(Fringe);Plot
259;Bad Dreams (Fringe);https://en.wikipedia.org/wiki/Bad_Dreams_(Fringe);Plot
260;Bad Dreams (Fringe);https://en.wikipedia.org/wiki/Bad_Dreams_(Fringe);Production
261;Bad Dreams (Fringe);https://en.wikipedia.org/wiki/Bad_Dreams_(Fringe);Production
262;Bad Dreams (Fringe);https://en.wikipedia.org/wiki/Bad_Dreams_(Fringe);Ratings
263;Bad Dreams (Fringe);https://en.wikipedia.org/wiki/Bad_Dreams_(Fringe);Reviews
264;Bad Dreams (Fringe);https://en.wikipedia.org/wiki/Bad_Dreams_(Fringe);Awards and nominations
265;Bad Dreams (Fringe);https://en.wikipedia.org/wiki/Bad_Dreams_(Fringe);External links
266;Bad Dreams (Fringe);https://en.wikipedia.org/wiki/Bad_Dreams_(Fringe);External links
267;Midnight (Fringe);https://en.wikipedia.org/wiki/Midnight_(Fringe);Summary
268;Midnight (Fringe);https://en.wikipedia.org/wiki/Midnight_(Fringe);Summary
269;Midnight (Fringe);https://en.wikipedia.org/wiki/Midnight_(Fringe);Plot
270;Midnight (Fringe);https://en.wikipedia.org/wiki/Midnight_(Fringe);Plot
271;Midnight (Fringe);https://en.wikipedia.org/wiki/Midnight_(Fringe);Plot
272;Midnight (Fringe);https://en.wikipedia.org/wiki/Midnight_(Fringe);Ratings
273;Midnight (Fringe);https://en.wikipedia.org/wiki/Midnight_(Fringe);Reviews
274;Midnight (Fringe);https://en.wikipedia.org/wiki/Midnight_(Fringe);External links
275;Midnight (Fringe);https://en.wikipedia.org/wiki/Midnight_(Fringe);External links
